{"x": [0.0, 0.1111111111111111, 0.2222222222222222, 0.3333333333333333, 0.4444444444444444, 0.5555555555555556, 0.6666666666666666, 0.7777777777777777, 0.8888888888888888, 1.0], "y": [0.38172204448407754, 0.9004735980526315, 0.6847953379039067, 0.9473833590667784, 0.18446834986012875, -0.9228021318836165, -1.0519837134377639, -0.7941256024767221, -1.1467711694407496, -0.21581440755607323]}