{"x": [0.0, 0.010101010101010102, 0.020202020202020204, 0.030303030303030304, 0.04040404040404041, 0.05050505050505051, 0.06060606060606061, 0.07070707070707072, 0.08080808080808081, 0.09090909090909091, 0.10101010101010102, 0.11111111111111112, 0.12121212121212122, 0.13131313131313133, 0.14141414141414144, 0.15151515151515152, 0.16161616161616163, 0.17171717171717174, 0.18181818181818182, 0.19191919191919193, 0.20202020202020204, 0.21212121212121213, 0.22222222222222224, 0.23232323232323235, 0.24242424242424243, 0.25252525252525254, 0.26262626262626265, 0.27272727272727276, 0.2828282828282829, 0.29292929292929293, 0.30303030303030304, 0.31313131313131315, 0.32323232323232326, 0.33333333333333337, 0.3434343434343435, 0.3535353535353536, 0.36363636363636365, 0.37373737373737376, 0.38383838383838387, 0.393939393939394, 0.4040404040404041, 0.4141414141414142, 0.42424242424242425, 0.43434343434343436, 0.4444444444444445, 0.4545454545454546, 0.4646464646464647, 0.4747474747474748, 0.48484848484848486, 0.494949494949495, 0.5050505050505051, 0.5151515151515152, 0.5252525252525253, 0.5353535353535354, 0.5454545454545455, 0.5555555555555556, 0.5656565656565657, 0.5757575757575758, 0.5858585858585859, 0.595959595959596, 0.6060606060606061, 0.6161616161616162, 0.6262626262626263, 0.6363636363636365, 0.6464646464646465, 0.6565656565656566, 0.6666666666666667, 0.6767676767676768, 0.686868686868687, 0.696969696969697, 0.7070707070707072, 0.7171717171717172, 0.7272727272727273, 0.7373737373737375, 0.7474747474747475, 0.7575757575757577, 0.7676767676767677, 0.7777777777777778, 0.787878787878788, 0.797979797979798, 0.8080808080808082, 0.8181818181818182, 0.8282828282828284, 0.8383838383838385, 0.8484848484848485, 0.8585858585858587, 0.8686868686868687, 0.8787878787878789, 0.888888888888889, 0.8989898989898991, 0.9090909090909092, 0.9191919191919192, 0.9292929292929294, 0.9393939393939394, 0.9494949494949496, 0.9595959595959597, 0.9696969696969697, 0.9797979797979799, 0.98989898989899, 1.0], "y": [0.1503341916209799, -0.17023792426301854, -0.069056140206806, -0.1687286195058772, -0.24602840212606025, 0.3441869900983952, 0.4244387032458836, 0.46877180456775325, 0.4193921995858383, 1.0184217608972856, 0.4768098002615384, 0.5630590605540675, 0.37846508603233464, 0.9638065126592361, 0.5048850085685423, 1.2737954613603781, 0.9745297831503223, 1.1455524375055364, 1.0328619952346132, 0.7173191428567897, 0.625152901872666, 0.9250940702893762, 0.5350175984906516, 1.1509245644127344, 1.4663051484708012, 0.7815940915794486, 1.1947980402014744, 1.1957735382601296, 1.152604078043739, 1.6058825792426625, 0.6291600467355619, 0.5378280231742825, 0.5654967214718446, 0.9897520975954854, 1.3063581570114813, 0.3560339208103224, 1.04145601282326, 0.6765608792622055, 1.0731627645505004, 0.8876470870754458, 1.1362114271694361, 0.5472797261480391, 0.2823481625446113, 0.3151588627063593, 0.3135706130435827, 0.6923013670636518, 0.16164876288003194, 0.1710856541942135, 0.016537055055660124, -0.45240650014071104, 0.047394504569761776, -0.24908079755141999, -0.31688178542058754, -0.19366524893209444, -0.03946933780185366, -0.2944375843682565, -0.9417597483943521, -0.6777930670546037, -0.3080369242951332, -0.54433584822676, -0.8903487649648603, -0.48342019429364513, -0.7039913582712984, -1.5173611598506258, -0.35279883649702887, -0.40552647342389114, -1.1106614356682845, -0.7252959445601711, -1.2344271848665873, -1.1338172099259185, -1.106217735750361, -1.442017775587616, -0.8620035144489497, -1.1819158962260607, -1.2387689443284482, -0.6415925682253295, -1.2006432017613444, -0.6967357847794577, -0.9926316328601551, -1.1240135864040612, -0.6134729031826223, -0.6888731079292439, -1.0054027828765626, -0.4228171756772319, -1.1703731878649062, -0.831975440176665, -1.0179215518346554, -0.822715109372528, -0.7115607336414425, -0.39263679408557206, -0.4819279314120245, -0.6523394003133192, -0.5002276112042515, 0.014431910065540565, -0.7116118592784109, -0.4818027781949153, 0.053595578159151586, -0.3770899424452956, -0.07792095776704949, -0.024128942269267303]}